Programm alignment,input,count
Pre,"Schreibe eine kurze Zusammenfassung (hÃ¶chstens 3-4 SÃ¤tze) dieser Tweets auf deutsch:Heute im Background:  #KI-Aufsicht: Spanien geht mit neuer BehÃ¶rde voran | #LEAM-Studie: Der Weg zu groÃŸen KI-Modellen in Deutschland | Verfehlter #Netzausbau: Harte Sanktionen fÃ¼r die Mobilfunker? | Hier anmelden und lesen:
----------
GroÃŸe KI-Modelle in Deutschland? Mit #LEAM ein innovatives KI-Ã–kosystem schaffen und in leistungsfÃ¤hige Infrastruktur investieren. Hierdurch soll die digitale SouverÃ¤nitÃ¤t sowie WettbewerbsfÃ¤higkeit Deutschlands sichergestellt werden â¡ http://bit.ly/3GYVEDO
----------
Ein Artikel der 
@faznet
 zu unserer heutigen #LEAM Konferenz. 

https://m.faz.net/aktuell/wirtschaft/grosse-ki-modelle-wie-die-deutsche-antwort-auf-chat-gpt-entstehen-soll-18624692.amp.html",3
BegrÃ¼ÃŸung,"Schreibe eine kurze Zusammenfassung (hÃ¶chstens 3-4 SÃ¤tze) dieser Tweets auf deutsch:Today at the #LEAM conference in #Berlin. Letâ€™s talk about large European Ai model / foundation models and how to realize it. With 
@ki_verband
 
@MMerantix
 
@DFKI
  - more on http://LEAM.Ai",1
"Keynote | Prof. Dr. Hans Uszkoreit (Scientific Director, DFKI)","Schreibe eine kurze Zusammenfassung (hÃ¶chstens 3-4 SÃ¤tze) dieser Tweets auf deutsch:Wir freuen uns sehr Ã¼ber die â¦
@BMWK
â© gefÃ¶rderte #Leam Studie des â¦
@ki_verband
â© zu GroÃŸen #KI-Modellen fÃ¼r DEU und EU: Wir wollen die Grundlage fÃ¼r erfolgreiche KI-(GeschÃ¤fts-)Modelle legen, Innovationen fÃ¶rdern und Startups u KMU fÃ¼r die DatenÃ¶konomie rÃ¼sten. 1/2",1
Wo steht Deutschland im internationalen Vergleich? | Paneldiskussion,"Schreibe eine kurze Zusammenfassung (hÃ¶chstens 3-4 SÃ¤tze) dieser Tweets auf deutsch:350 Millionen Euro wÃ¼rde ein Rechenzentrum fÃ¼r groÃŸe #KI Modelle kosten. ""Das entspricht 50km Autobahn"", sagt Hans Uszkoreit vom 
@DFKI
 Noch besser ist der Vergleich beim Energieverbrauch #LEAM
----------
Aus der Reihe ""Orte, an die mich mein Job fÃ¼hrt"": Allianz Forum, PrÃ¤sentation der ##Leam Machbarkeitsstudie zu Large European AI models und KI-Foundation Modellen. Ich bin so gespannt, was da noch auf uns wartet nach #gpt3!
----------
Wo steht #Deutschland / #EU bei #KI im internationalen Vergleich? 
Kurz: ziemlich weit hinter USA und China. 
Die Herausforderungen sind vielfÃ¤ltig und komplex sagt 
@nicolebuettner
. #Zusammenarbeit ist wichtiger als Wettbewerb. 
Achtung: ohne #Rechenpower geht es nicht. 
#LEAM
----------
Die auch hier bei #LEAM jetzt mehrfach zitierte #KIHalluzination Merkel arbeite jetzt fÃ¼r McKinsey stammt Ã¼brigens von Youchat 
@YouSearchEngine
 der sonst hochinteressanten Antwort eines Deutschen auf #ChatGPT Mehr dazu â¬
----------
Heute Ã¼bergibt der 
@ki_verband
  die #Machbarkeitsstudie fÃ¼r groÃŸe KI-Modelle fÃ¼r Deutschland und Europa. Die Initiative #LEAM â€“ Large European #AIModels â€“ befasst sich mit dem Aufbau eines Hochleistungsrechenzentrums fÃ¼r  #KÃ¼nstlicheIntelligenz. #LLM
----------
The #LEAM feasibility study is out nowâ—On behalf of BMWK, we have been working with our partners to gather arguments for developing AI foundation models in Europe. At the conference, 
@nicolebuettner
 explains how we can move Europe forward in the international AI competitionğŸš€
----------
Bei der #LEAM-Konferenz des 
@ki_verband
 geht es heute um #KI-Foundation-Modelle, wie den #ChatGPT von 
@OpenAI
. ğŸ¤– Wie kann sich ğŸ‡©ğŸ‡ª im internat. Vergleich behaupten & welche ğŸ‡ªğŸ‡º Infrastrukturen brauchen wir dafÃ¼r? Antworten in der 
@BMWK
-LEAM-Studie: https://bit.ly/3H6KAVa ğŸš€",7
Was braucht die Industrie auf dem Weg zum WeltmarktfÃ¼hrer? | Paneldiskussion,"Schreibe eine kurze Zusammenfassung (hÃ¶chstens 3-4 SÃ¤tze) dieser Tweets auf deutsch:Michael Koch, Director of Data Analytics & Artificial Intelligence 
@lufthansa
 at #LEAM: for productive use we always will have to customize foundations models with our own data. Could knowledge graphs be the best way to enable domain customization? 
@coreonapp
----------
Large European AI Models, LEAM - Ambrosys takes part. Dr. Markus Abel and Thomas Seidler share their ideas.
----------
@schnabelu
 von 
@DIEZEIT
: â€šFragen die CEOs nicht: â€was kÃ¼mmert es uns, ob wir von einem dt. oder US KI-Modell abhÃ¤ngig sind? Wir sind doch ein internationales Unternehmen!â€œâ€˜
Marion Legler von Bayer: â€wir mÃ¼ssen mit eigenen Daten trainieren kÃ¶nnen - kÃ¶nnen wir dort nichtâ€œ #LEAM",3
Wie kÃ¶nnen uns Sprachmodelle den Alltag und die Arbeit erleichtern? | Paneldiskussion,"Schreibe eine kurze Zusammenfassung (hÃ¶chstens 3-4 SÃ¤tze) dieser Tweets auf deutsch:â€Wenn man Grundlagenforschung macht, darf man die Leute nicht jeden Monat nach den konkret nutzbaren Fortschritten fragenâ€œ Claudia Pohlink, Chief Expert Data bei der Deutschen Bahn, auf der #LEAM Konferenz des 
@ki_verband
 

#KI #AI
----------
#LEAM panel on language models in daily use. 
@j_bubenzer
, 
@hansuz
, 
@gdm3000
, Thomas Lindemann from 
@fyrfeed
. Customer donâ€™t know what innovative products can do for them. Focus on short term gains prevents innovation.
----------
Nicolas Flores-Herr Head of Business Area Document Analytics 
@eis_bonn
: the real disruption of models like #ChatGPT is, that white collar workers can now â€œtalk with dataâ€. #LEAM",3
Post,"Schreibe eine kurze Zusammenfassung (hÃ¶chstens 3-4 SÃ¤tze) dieser Tweets auf deutsch:My favorite slide at today's #leam conference im Berlin! Great comparison at the cost side. Overall, great conference and inspiring get-up-and-go mood towards leveraging the benefits of large language models in DE! Definitely a must to follow this exciting initiative 
@ki_verband
----------
That was a lot of fun and EXTREMELY insightful. Thanks 
@ki_verband
 for the LEAM Konferenz!

#aimadeingermany #leam #germany
----------
This is cool! #leam 
@ki_verband
----------
Gestern haben wir gemeinsam mit allen Autor:innen die Studie ""GroÃŸe KI-Modelle fÃ¼r Deutschland"" der #LEAM Initiative in Berlin vorgestellt. Eine Erkenntnis: Um international mithalten zu kÃ¶nnen, brauchen wir leistungsfÃ¤hige KI-Rechenzentren in DE. â¬‡
https://eco.de/presse/machbarkeitsstudie-ermittelt-voraussetzungen-fuer-ki-anwendungen-wie-beispielsweise-chatbots-in-deutschland/
----------
ğŸ‘‰ Die Initiative #LEAM strebt den Aufbau einer europÃ¤ischen KI-Infrastruktur mit einem Hochleistungsrechenzentrum in Deutschland an. Das Investitionsvolumen wird auf 350 bis 400 Millionen Euro geschÃ¤tzt. ğŸ§µ
----------
ğŸ’¡Did you know that such advanced foundation models for video generation are not yet available in Europe? To change that the #LEAM initiative aims to create a dedicated #supercomputing infrastructure in ğŸ‡©ğŸ‡ª.
ğŸ” Curious? You can find the complete study here: https://iais.fraunhofer.de/de/publikationen/studien.html
----------
ğŸ‘‰ The #LEAM initiative aims to establish a European AI infrastructure with a high-performance computing center in Germany. The investment volume is estimated at 350 to 400 million euros.
----------
Die #LEAM-Machbarkeitsstudie ist da. https://leam.ai
----------
Heard on a #LEAM panel on transformative #AI with #DAX30 companies: ""We're not software companies, we don't do that. Someone else should do that for us."" Wake up! Companies that don't do #software and #AI will be replaced by companies who do! Independent of the industry!
----------
Bei der #LEAM Konferenz ging es um #KI und die WettbewerbsfÃ¤higkeit Europas. ZukunftstrÃ¤chtige KI-Technologien wie 
@OpenGPTX

(groÃŸes Sprachmodell, #gaiax) brauchen zum KI-Training enorme RechnerkapazitÃ¤ten. Startschuss fÃ¼r ein groÃŸes KI-Rechenzentrum in Deutschland? 

#ai #gaiax
----------
#ChatGPT ist in aller Munde, ist aber nur die Spitze des Eisbergs. Uns beschÃ¤ftigt #KI in der Verwaltung und damit auch #DigitaleSouverÃ¤nitÃ¤t & Datensicherheit. Mehr dazu in der Machbarkeits #Studie, die auf der #LEAM Konferenz vorgestellt wurde.
----------
LEAM Machbarkeitsstudie: Experten der Initiative #LEAM  (Large European AI Models) des 
@ki_verband
, i. A. des 
@BMWK
,  sprechen sich deutlich fÃ¼r die Entwicklung von #KI-Grundlagenmodellen nach europÃ¤ischen Standards aus.
----------
Braucht Deutschland eigene KI-Modelle Ã  la #ChatGPT? Die #LEAM-Initiative aus Industrie und Wissenschaftlern fordert ein neues Rechenzentrum und mehr â€“ 
@AlaArmbruster
 
@CarstenKnop
 und 
@MaxosTaxos
 diskutieren darÃ¼ber im neuen #DigitecPodcast:
----------
Braucht Deutschland eigene KI-Modelle Ã  la #ChatGPT? Die #LEAM-Initiative aus Industrie und Wissenschaftlern fordert ein neues Rechenzentrum und mehr â€“ 
@AlaArmbruster
 
@CarstenKnop
 und 
@MaxosTaxos
 diskutieren darÃ¼ber im neuen #DigitecPodcast:
----------
Braucht Deutschland eigene KI-Modelle Ã  la #ChatGPT? Die #LEAM-Initiative aus Industrie und Wissenschaftlern fordert ein neues Rechenzentrum und mehr â€“ 
@AlaArmbruster
 
@CarstenKnop
 und 
@MaxosTaxos
 diskutieren darÃ¼ber im neuen #DigitecPodcast:
----------
Dank an 
@hannesbajohr
 fÃ¼r diesen groÃŸartigen Beitrag! Er macht deutlich, wie tiefgreifend generative KI-Systeme unsere Kommunikation verÃ¤ndern werden - mit  Gefahr der Konvergenz zu einer ""Durchschnittssprache"". Initiativen wie #leam sind wichtiger denn je!
----------
Unser Newsletter ist da! ğŸ“¨ğŸ¤–

Themen sind:
ğŸ‘‰#KICampus 2.0
ğŸ‘‰#ChatGPT-Livestream
ğŸ‘‰#UFFestival mit #KI-Track
ğŸ‘‰#Fellowship-Sammelband
ğŸ‘‰#Curriculum-Barcamp
ğŸ‘‰#LEAM-Konferenz 

Jetzt lesen & gerne weiterempfehlen:
â¡ï¸http://mailchi.mp/ki-campus/januar-2023

#TwitterCampus #DigitaleBildung #OER
----------
HÃ¶renswerte #podcast Folge zu #GPT3 
und die Frage,ob D eigene (groÃŸe #KI-Modelle benÃ¶tigt?
#Digitec 
@faznet
 mit 
@carstenknop
 und 
@AlaArmbruster
 
â¡ï¸Eine Antwort kÃ¶nnte #LEAM 
@ki_verband
 sein. 
â¡ï¸Eine weitere ist meiner Meinung nach frÃ¼hzeitige KI-Bildung:
----------
ChatGPT writing somethin about European AI.

#chatgpt #leam #artificialintelligence
----------
Was great to be a panel speaker at the
#LEAM Conference
at the Brandenburg Gate in Berlin

Europe needs large AI models, but we need to make sure they are built responsibly.

Exciting discussions/talks by 
@hansuz
 
@nicolebuettner
 
@percyliang
 (prerecorded) 
@Breitseiten
 + many more!
----------
SAP takes part in LEAM - Large European AI Models
initiative from the German AI Association to research and promote the development of large AI models  #ai #development #sap #research #llms #chatGPT #nlp
----------
Replying to 
@max_fksr
wann gibt's denn ein Konzept fÃ¼r das #Digitalbudget, damit Initiativen wie #LEAM fÃ¼r eine deutsche/europÃ¤ische Alternative unterstÃ¼tzt werden kÃ¶nnen?
----------
â€œWe are now in the #industrialization phase of #AI.â€ â€œWe will now grow from a 4% AI adaption rate to 85% [until End â€˜24]â€
â€œ#Foundationmodels will enable thisâ€

Thomas Weber, AI chief product of 
@huawei
 on #WAICF23 

@JonasAndrulis
 
@ki_verband
 #LEAM 
@RonjaKemmer
 #AI
----------
Stehe ich dahinter. Wenn der Staat seine eigene Angst vor Wagniskapital verliert, dann kÃ¶nnen wir hier in Deutschland groÃŸe Dinge tun.
Mein Favorit: GroÃŸe #ki Foundation Modelle im Sinne von #leam um die deutsche und europÃ¤ische TechnologiesouverÃ¤nitÃ¤t zu gewÃ¤hrleisten!
----------
Replying to 
@_SilkeHahn
 
@JonasAndrulis
 and 
@tarnkappe_info
Wie geschrieben ""vorerst"" - beim Thema ""Intelligent"" sind wir noch nicht und da mÃ¼ssen andere AnsÃ¤tze her. Wenn wir aber weiter Machbarkeitsstudien #LEAM durchfÃ¼hren mÃ¼ssen um Geld zu bekommen, dÃ¤mpft das meinen Optimismus.
----------
Replying to 
@didijo
 
@JonasAndrulis
 and 
@tarnkappe_info
#LEAM kommt um Jahre zu spÃ¤t damit um die Ecke. Die Idee mag fantastisch sein und ja, Deutschland brÃ¤uchte das. Aber eine Machbarkeitsstudie (!) jetzt, wo die anderen schon ausrollen zum AbrÃ¤umen: wie behÃ¤big. Bis das brummt, ist der Rest der Welt schon um Lichtjahre weiter.
----------
Replying to 
@_SilkeHahn
 
@didijo
 and 2 others
Im besten Fall sind das keine konkurrierenden sondern komplementÃ¤ren Dinge. Auf der #LEAM Konferenz wurden fantastische Projekte vorgestellt in denen mit Luminous die industrielle Revolution souverÃ¤n wird. #LEAM bringt unser AI-Leadership zusammen & teilt Information. 1/2
----------
SchÃ¶n zu sehen dass unsere BemÃ¼hungen das ğŸ‡ªğŸ‡º #ki Ã–kosystem anzukurbeln auch auf politischer Ebene gesehen wird. Danke an 
@Breitseiten
, 
@ki_verband
 fÃ¼r die UnterstÃ¼tzung von #leam aber auch 
@JonasAndrulis
 und 
@RichardSocher
 fÃ¼r ihre Vorreiterrollen
----------
Last month the 
@ki_verband
 officially presented the #LEAM feasibility study that has received much acclaim. You can now re-watch the event in full via Youtube below! ğŸ‘€
----------
nteresting initiative in the EU about AI (LEAM = Large European AI Models) #ai #leam #europeanaistrategy #aicommunity #aiawareness #politics #innovationleader #innovationsleadership",30
